Draft:	Third Draft Lucasfilm Limited	Character:	THREEPIO
Draft:	Third Draft Lucasfilm Limited	Character:	LUKE
Draft:	Third Draft Lucasfilm Limited	Character:	CAPTAIN
Draft:	Third Draft Lucasfilm Limited	Character:	VADER
Draft:	Third Draft Lucasfilm Limited	Character:	WOMAN
Draft:	Third Draft Lucasfilm Limited	Character:	BIGGS
Draft:	Third Draft Lucasfilm Limited	Character:	CAMIE
Draft:	Third Draft Lucasfilm Limited	Character:	OFFICER
Draft:	Third Draft Lucasfilm Limited	Character:	LEIA
Draft:	Third Draft Lucasfilm Limited	Character:	OWEN
Draft:	Third Draft Lucasfilm Limited	Character:	BERU
Draft:	Third Draft Lucasfilm Limited	Character:	BEN
Draft:	Third Draft Lucasfilm Limited	Character:	JAWA
Draft:	Third Draft Lucasfilm Limited	Character:	BARTENDER
Draft:	Third Draft Lucasfilm Limited	Character:	CREATURE
Draft:	Third Draft Lucasfilm Limited	Character:	HUMAN
Draft:	Third Draft Lucasfilm Limited	Character:	HAN
Draft:	Third Draft Lucasfilm Limited	Character:	JABBA
Draft:	Third Draft Lucasfilm Limited	Character:	MONTROSS
Draft:	Third Draft Lucasfilm Limited	Character:	CONTROLLER
Draft:	Third Draft Lucasfilm Limited	Character:	COMMANDER
Draft:	Third Draft Lucasfilm Limited	Character:	PILOT
Draft:	Third Draft Lucasfilm Limited	Character:	TROOPER
Draft:	Third Draft Lucasfilm Limited	Character:	SERGEANT
Draft:	Third Draft Lucasfilm Limited	Character:	ZAVOS
Draft:	Third Draft Lucasfilm Limited	Character:	TARKIN
Draft:	Third Draft Lucasfilm Limited	Character:	CHIEF
Draft:	Third Draft Lucasfilm Limited	Character:	CREWMAN
Draft:	Third Draft Lucasfilm Limited	Character:	DODANA
Draft:	SECOND DRAFT	Character:	CHIEF
Draft:	SECOND DRAFT	Character:	THREEPIO
Draft:	SECOND DRAFT	Character:	THREEPIO (CONT'D)
Draft:	SECOND DRAFT	Character:	OFFICER
Draft:	SECOND DRAFT	Character:	OFFICER (CONT'D)
Draft:	SECOND DRAFT	Character:	DEAK
Draft:	SECOND DRAFT	Character:	CHIEF PILOT
Draft:	SECOND DRAFT	Character:	CAPTAIN
Draft:	SECOND DRAFT	Character:	SERGEANT
Draft:	SECOND DRAFT	Character:	TROOPER
Draft:	SECOND DRAFT	Character:	RANGER
Draft:	SECOND DRAFT	Character:	DEAK (CONT'D)
Draft:	SECOND DRAFT	Character:	PILOT (TYREE)
Draft:	SECOND DRAFT	Character:	Pilot (TYREE)
Draft:	SECOND DRAFT	Character:	CAPTAIN (CONT'D)
Draft:	SECOND DRAFT	Character:	TROOPS
Draft:	SECOND DRAFT	Character:	VADER
Draft:	SECOND DRAFT	Character:	VADER (CONT'D)
Draft:	SECOND DRAFT	Character:	COMMANDER
Draft:	SECOND DRAFT	Character:	LABORER
Draft:	SECOND DRAFT	Character:	LABORER (CONT'D)
Draft:	SECOND DRAFT	Character:	VOICE (MECHANIC)
Draft:	SECOND DRAFT	Character:	MECHANIC (CONT'D)
Draft:	SECOND DRAFT	Character:	MECHANIC
Draft:	SECOND DRAFT	Character:	TUSKEN
Draft:	SECOND DRAFT	Character:	LARS
Draft:	SECOND DRAFT	Character:	LEIA
Draft:	SECOND DRAFT	Character:	BERU
Draft:	SECOND DRAFT	Character:	LUKE
Draft:	SECOND DRAFT	Character:	DEAK'S IMAGE
Draft:	SECOND DRAFT	Character:	BIGGS
Draft:	SECOND DRAFT	Character:	OWEN
Draft:	SECOND DRAFT	Character:	BERU (CONT'D)
Draft:	SECOND DRAFT	Character:	WINDY
Draft:	SECOND DRAFT	Character:	LUKE (CONT'D)
Draft:	SECOND DRAFT	Character:	OWEN (CONT'D)
Draft:	SECOND DRAFT	Character:	JAWA
Draft:	SECOND DRAFT	Character:	SEER
Draft:	SECOND DRAFT	Character:	SEER (CONT'D)
Draft:	SECOND DRAFT	Character:	BARTENDER
Draft:	SECOND DRAFT	Character:	HAN
Draft:	SECOND DRAFT	Character:	HAN (CONT'D)
Draft:	SECOND DRAFT	Character:	CREATURE
Draft:	SECOND DRAFT	Character:	HUMAN
Draft:	SECOND DRAFT	Character:	HUMAN (CONT'D)
Draft:	SECOND DRAFT	Character:	MONTROSS
Draft:	SECOND DRAFT	Character:	MONTROSS (CONT'D)
Draft:	SECOND DRAFT	Character:	JABBA
Draft:	SECOND DRAFT	Character:	PIRATE
Draft:	SECOND DRAFT	Character:	OXUS
Draft:	SECOND DRAFT	Character:	HAN'S VOICE
Draft:	SECOND DRAFT	Character:	PILOT
Draft:	SECOND DRAFT	Character:	PILOT (CONT'D)
Draft:	SECOND DRAFT	Character:	COM-LINK
Draft:	SECOND DRAFT	Character:	FIRST KNIGHT
Draft:	SECOND DRAFT	Character:	GANTRY OFFICER
Draft:	SECOND DRAFT	Character:	GUARD
Draft:	SECOND DRAFT	Character:	SITH KNIGHT
Draft:	SECOND DRAFT	Character:	ADMIRAL
Draft:	SECOND DRAFT	Character:	MONTROSS (over head-phones)
Draft:	SECOND DRAFT	Character:	ANTILLES
Draft:	SECOND DRAFT	Character:	ANTILLES (CONT'D)
Draft:	SECOND DRAFT	Character:	DODANA
Draft:	SECOND DRAFT	Character:	DODANA (CONT'D)
Draft:	SECOND DRAFT	Character:	ZAVOR
Draft:	SECOND DRAFT	Character:	FLIGHT OFFICER
Draft:	SECOND DRAFT	Character:	TARKIN
Draft:	SECOND DRAFT	Character:	TARKIN (CONT'D)
Draft:	SECOND DRAFT	Character:	THE STARKILLER
Draft:	SECOND DRAFT	Character:	SECOND OFFICER
Draft:	SECOND DRAFT	Character:	THE STARKILLER (CONT'D)
Draft:	SECOND DRAFT	Character:	THE STARKlLLER (CONT'D)
Draft:	SECOND DRAFT	Character:	CREWMAN
Draft:	SECOND DRAFT	Character:	BOMA SIX (INTERCOM)
Draft:	SECOND DRAFT	Character:	PILOT LEADER
Draft:	SECOND DRAFT	Character:	PILOT LEADER (V.O.)
Draft:	SECOND DRAFT	Character:	BOMA TWO (CHEWIE)(V.O.)
Draft:	SECOND DRAFT	Character:	BOMA SIX (V.O.)
Draft:	SECOND DRAFT	Character:	BOMA TWO (V.O.)
Draft:	SECOND DRAFT	Character:	BOMA FIVE (V.O.)
Draft:	SECOND DRAFT	Character:	DEVIL FOUR (V.O.)
Draft:	SECOND DRAFT	Character:	PILOT LEADER (CONT'D)
Draft:	SECOND DRAFT	Character:	BOMA THREE
Draft:	SECOND DRAFT	Character:	BOMA TWO (CHEWIE)
Draft:	SECOND DRAFT	Character:	DODONA
Draft:	SECOND DRAFT	Character:	ZAVOS
Draft:	SECOND DRAFT	Character:	BANTA ONE
Draft:	SECOND DRAFT	Character:	LUKE (V.O.)
Draft:	Rough Draft [First of four major screenplay drafts] Lucasfilm Ltd.	Character:	ANNIKIN
Draft:	Rough Draft [First of four major screenplay drafts] Lucasfilm Ltd.	Character:	KANE
Draft:	Rough Draft [First of four major screenplay drafts] Lucasfilm Ltd.	Character:	DEAK
Draft:	Rough Draft [First of four major screenplay drafts] Lucasfilm Ltd.	Character:	DEAK (Con't)
Draft:	Rough Draft [First of four major screenplay drafts] Lucasfilm Ltd.	Character:	ANNIKIN (con't)
Draft:	Rough Draft [First of four major screenplay drafts] Lucasfilm Ltd.	Character:	PILOT
Draft:	Rough Draft [First of four major screenplay drafts] Lucasfilm Ltd.	Character:	CHICK-ONE
Draft:	Rough Draft [First of four major screenplay drafts] Lucasfilm Ltd.	Character:	EMPEROR
Draft:	Rough Draft [First of four major screenplay drafts] Lucasfilm Ltd.	Character:	EMPEROR (con't)
Draft:	Rough Draft [First of four major screenplay drafts] Lucasfilm Ltd.	Character:	WHITSUN
Draft:	Rough Draft [First of four major screenplay drafts] Lucasfilm Ltd.	Character:	WHITSUN (con't)
Draft:	Rough Draft [First of four major screenplay drafts] Lucasfilm Ltd.	Character:	ANTILLES
Draft:	Rough Draft [First of four major screenplay drafts] Lucasfilm Ltd.	Character:	CONTROLLER
Draft:	Rough Draft [First of four major screenplay drafts] Lucasfilm Ltd.	Character:	OFFICER
Draft:	Rough Draft [First of four major screenplay drafts] Lucasfilm Ltd.	Character:	HOEDAACK
Draft:	Rough Draft [First of four major screenplay drafts] Lucasfilm Ltd.	Character:	COLL
Draft:	Rough Draft [First of four major screenplay drafts] Lucasfilm Ltd.	Character:	VADER
Draft:	Rough Draft [First of four major screenplay drafts] Lucasfilm Ltd.	Character:	ZAVOS
Draft:	Rough Draft [First of four major screenplay drafts] Lucasfilm Ltd.	Character:	KAYOS
Draft:	Rough Draft [First of four major screenplay drafts] Lucasfilm Ltd.	Character:	SANDAGE
Draft:	Rough Draft [First of four major screenplay drafts] Lucasfilm Ltd.	Character:	GENERAL
Draft:	Rough Draft [First of four major screenplay drafts] Lucasfilm Ltd.	Character:	NASH
Draft:	Rough Draft [First of four major screenplay drafts] Lucasfilm Ltd.	Character:	TARKIN
Draft:	Rough Draft [First of four major screenplay drafts] Lucasfilm Ltd.	Character:	KAYOS (con't)
Draft:	Rough Draft [First of four major screenplay drafts] Lucasfilm Ltd.	Character:	WINDY
Draft:	Rough Draft [First of four major screenplay drafts] Lucasfilm Ltd.	Character:	BIGGS
Draft:	Rough Draft [First of four major screenplay drafts] Lucasfilm Ltd.	Character:	LEIA
Draft:	Rough Draft [First of four major screenplay drafts] Lucasfilm Ltd.	Character:	BREHA
Draft:	Rough Draft [First of four major screenplay drafts] Lucasfilm Ltd.	Character:	MONTROSS
Draft:	Rough Draft [First of four major screenplay drafts] Lucasfilm Ltd.	Character:	PRUE
Draft:	Rough Draft [First of four major screenplay drafts] Lucasfilm Ltd.	Character:	BUREAUCRATS
Draft:	Rough Draft [First of four major screenplay drafts] Lucasfilm Ltd.	Character:	GENERAL (to the aids)
Draft:	Rough Draft [First of four major screenplay drafts] Lucasfilm Ltd.	Character:	KANE (angrily)
Draft:	Rough Draft [First of four major screenplay drafts] Lucasfilm Ltd.	Character:	KAYOS (pointing to the suns)
Draft:	Rough Draft [First of four major screenplay drafts] Lucasfilm Ltd.	Character:	STARKILLER
Draft:	Rough Draft [First of four major screenplay drafts] Lucasfilm Ltd.	Character:	PHONE VOICE
Draft:	Rough Draft [First of four major screenplay drafts] Lucasfilm Ltd.	Character:	DOCTOR
Draft:	Rough Draft [First of four major screenplay drafts] Lucasfilm Ltd.	Character:	WHITSUN (with difficulty)
Draft:	Rough Draft [First of four major screenplay drafts] Lucasfilm Ltd.	Character:	GENERAL (to Montross)
Draft:	Rough Draft [First of four major screenplay drafts] Lucasfilm Ltd.	Character:	PRINCESS
Draft:	Rough Draft [First of four major screenplay drafts] Lucasfilm Ltd.	Character:	CHIEF
Draft:	Rough Draft [First of four major screenplay drafts] Lucasfilm Ltd.	Character:	DEVIL SIX (intercom)
Draft:	Rough Draft [First of four major screenplay drafts] Lucasfilm Ltd.	Character:	PILOT LEADER
Draft:	Rough Draft [First of four major screenplay drafts] Lucasfilm Ltd.	Character:	GENERAL (monitor)
Draft:	Rough Draft [First of four major screenplay drafts] Lucasfilm Ltd.	Character:	DEVIL TWO
Draft:	Rough Draft [First of four major screenplay drafts] Lucasfilm Ltd.	Character:	PILOT LEADER (intercom)
Draft:	Rough Draft [First of four major screenplay drafts] Lucasfilm Ltd.	Character:	DEVIL TWO (CHEWIE)
Draft:	Rough Draft [First of four major screenplay drafts] Lucasfilm Ltd.	Character:	DEVIL SIX
Draft:	Rough Draft [First of four major screenplay drafts] Lucasfilm Ltd.	Character:	DEVIL FIVE
Draft:	Rough Draft [First of four major screenplay drafts] Lucasfilm Ltd.	Character:	DEVIL FOUR (intercom)
Draft:	Rough Draft [First of four major screenplay drafts] Lucasfilm Ltd.	Character:	THREEPIO
Draft:	Rough Draft [First of four major screenplay drafts] Lucasfilm Ltd.	Character:	ARTWO
Draft:	Rough Draft [First of four major screenplay drafts] Lucasfilm Ltd.	Character:	DEVIL THREE
Draft:	Rough Draft [First of four major screenplay drafts] Lucasfilm Ltd.	Character:	FIRST OFFICER
Draft:	Rough Draft [First of four major screenplay drafts] Lucasfilm Ltd.	Character:	ATTACHE
Draft:	Rough Draft [First of four major screenplay drafts] Lucasfilm Ltd.	Character:	GENERAL SKYWALKER
Draft:	Rough Draft [First of four major screenplay drafts] Lucasfilm Ltd.	Character:	DEVIL FOUR
Draft:	Rough Draft [First of four major screenplay drafts] Lucasfilm Ltd.	Character:	TROOPER
Draft:	Rough Draft [First of four major screenplay drafts] Lucasfilm Ltd.	Character:	OFFICER (on monitor)
Draft:	Rough Draft [First of four major screenplay drafts] Lucasfilm Ltd.	Character:	AIDE
Draft:	Rough Draft [First of four major screenplay drafts] Lucasfilm Ltd.	Character:	CHEWIE (DEVIL TWO)
Draft:	Rough Draft [First of four major screenplay drafts] Lucasfilm Ltd.	Character:	GENERAL (with difficulty)
Draft:	Rough Draft [First of four major screenplay drafts] Lucasfilm Ltd.	Character:	PILOT LEADER'S NAVIGATOR
Draft:	Rough Draft [First of four major screenplay drafts] Lucasfilm Ltd.	Character:	COMMANDER
Draft:	Rough Draft [First of four major screenplay drafts] Lucasfilm Ltd.	Character:	STARKILLER (Con't)
Draft:	Rough Draft [First of four major screenplay drafts] Lucasfilm Ltd.	Character:	PRINCESS (sarcastic)
Draft:	Rough Draft [First of four major screenplay drafts] Lucasfilm Ltd.	Character:	THREEPIO (Con't)
Draft:	Rough Draft [First of four major screenplay drafts] Lucasfilm Ltd.	Character:	PRINCESS (angrily pointing at Starkiller)
Draft:	Rough Draft [First of four major screenplay drafts] Lucasfilm Ltd.	Character:	GUARD
Draft:	Rough Draft [First of four major screenplay drafts] Lucasfilm Ltd.	Character:	QUEEN
Draft:	Rough Draft [First of four major screenplay drafts] Lucasfilm Ltd.	Character:	LEIA (angry)
Draft:	Rough Draft [First of four major screenplay drafts] Lucasfilm Ltd.	Character:	BLOODORY
Draft:	Rough Draft [First of four major screenplay drafts] Lucasfilm Ltd.	Character:	GENERAL (to Starkiller)
Draft:	Rough Draft [First of four major screenplay drafts] Lucasfilm Ltd.	Character:	PRINCESS (fuming)
Draft:	Rough Draft [First of four major screenplay drafts] Lucasfilm Ltd.	Character:	VALORUM
Draft:	Rough Draft [First of four major screenplay drafts] Lucasfilm Ltd.	Character:	STORMTROOPER
Draft:	Rough Draft [First of four major screenplay drafts] Lucasfilm Ltd.	Character:	SERGEANT
Draft:	Rough Draft [First of four major screenplay drafts] Lucasfilm Ltd.	Character:	SERGEANT (to Whitsun)
Draft:	Rough Draft [First of four major screenplay drafts] Lucasfilm Ltd.	Character:	STARKILLER (into intercom)
Draft:	Rough Draft [First of four major screenplay drafts] Lucasfilm Ltd.	Character:	STARKILLER (to general)
Draft:	Rough Draft [First of four major screenplay drafts] Lucasfilm Ltd.	Character:	CREATURE
Draft:	Rough Draft [First of four major screenplay drafts] Lucasfilm Ltd.	Character:	HUMAN
Draft:	Rough Draft [First of four major screenplay drafts] Lucasfilm Ltd.	Character:	HAN
Draft:	Rough Draft [First of four major screenplay drafts] Lucasfilm Ltd.	Character:	GENERAL (to Whitsun)
Draft:	Rough Draft [First of four major screenplay drafts] Lucasfilm Ltd.	Character:	DATOS
Draft:	Rough Draft [First of four major screenplay drafts] Lucasfilm Ltd.	Character:	OCCO
Draft:	Rough Draft [First of four major screenplay drafts] Lucasfilm Ltd.	Character:	QUIST
Draft:	Rough Draft [First of four major screenplay drafts] Lucasfilm Ltd.	Character:	KANE (con't)
Draft:	Rough Draft [First of four major screenplay drafts] Lucasfilm Ltd.	Character:	CAPTAIN
Draft:	Rough Draft [First of four major screenplay drafts] Lucasfilm Ltd.	Character:	
Draft:	Rough Draft [First of four major screenplay drafts] Lucasfilm Ltd.	Character:	CAPTAIN (con't)
Draft:	Rough Draft [First of four major screenplay drafts] Lucasfilm Ltd.	Character:	INTERCOM
Draft:	Rough Draft [First of four major screenplay drafts] Lucasfilm Ltd.	Character:	PILOT (into intercom)
Draft:	Rough Draft [First of four major screenplay drafts] Lucasfilm Ltd.	Character:	GENERAL (con't)
Draft:	Rough Draft [First of four major screenplay drafts] Lucasfilm Ltd.	Character:	HAN (con't)
Draft:	Rough Draft [First of four major screenplay drafts] Lucasfilm Ltd.	Character:	GENERAL (over intercom)
Draft:	Rough Draft [First of four major screenplay drafts] Lucasfilm Ltd.	Character:	GENERAL (to Threepio)
Draft:	Rough Draft [First of four major screenplay drafts] Lucasfilm Ltd.	Character:	WHITSUN (to Artwo)
Draft:	Rough Draft [First of four major screenplay drafts] Lucasfilm Ltd.	Character:	GENERAL (into intercom)
Draft:	Rough Draft [First of four major screenplay drafts] Lucasfilm Ltd.	Character:	GENERAL (to Han)
Draft:	Rough Draft [First of four major screenplay drafts] Lucasfilm Ltd.	Character:	VOICE
Draft:	Rough Draft [First of four major screenplay drafts] Lucasfilm Ltd.	Character:	LARS (con't)
Draft:	Rough Draft [First of four major screenplay drafts] Lucasfilm Ltd.	Character:	LARS
Draft:	Rough Draft [First of four major screenplay drafts] Lucasfilm Ltd.	Character:	BERU
Draft:	Rough Draft [First of four major screenplay drafts] Lucasfilm Ltd.	Character:	LARS (to general)
Draft:	Rough Draft [First of four major screenplay drafts] Lucasfilm Ltd.	Character:	LARS (yelling down to them)
Draft:	Rough Draft [First of four major screenplay drafts] Lucasfilm Ltd.	Character:	HAN (to Starkiller)
Draft:	Rough Draft [First of four major screenplay drafts] Lucasfilm Ltd.	Character:	THREEPIO (quietly)
Draft:	Rough Draft [First of four major screenplay drafts] Lucasfilm Ltd.	Character:	TANK PILOT
Draft:	Rough Draft [First of four major screenplay drafts] Lucasfilm Ltd.	Character:	AID [sic]
Draft:	Rough Draft [First of four major screenplay drafts] Lucasfilm Ltd.	Character:	STARKILLER (mocking)
Draft:	Rough Draft [First of four major screenplay drafts] Lucasfilm Ltd.	Character:	VADER (to officer)
Draft:	Rough Draft [First of four major screenplay drafts] Lucasfilm Ltd.	Character:	STARKILLER (to Artwo)
Draft:	Rough Draft [First of four major screenplay drafts] Lucasfilm Ltd.	Character:	CAPTAIN OF THE GUARD
Draft:	Rough Draft [First of four major screenplay drafts] Lucasfilm Ltd.	Character:	GENERAL (to Valorum)
Draft:	Rough Draft [First of four major screenplay drafts] Lucasfilm Ltd.	Character:	MEDIC
Draft:	Rough Draft [First of four major screenplay drafts] Lucasfilm Ltd.	Character:	GOVERNOR
Draft:	FIRST DRAFT LUCASFILM LIMITED	Character:	JUSTIN
Draft:	FIRST DRAFT LUCASFILM LIMITED	Character:	AKIRA
Draft:	FIRST DRAFT LUCASFILM LIMITED	Character:	BINK
Draft:	FIRST DRAFT LUCASFILM LIMITED	Character:	BINK (Cont.)
Draft:	FIRST DRAFT LUCASFILM LIMITED	Character:	JUSTIN (Cont.)
Draft:	FIRST DRAFT LUCASFILM LIMITED	Character:	PILOT
Draft:	FIRST DRAFT LUCASFILM LIMITED	Character:	CHICK-ONE
Draft:	FIRST DRAFT LUCASFILM LIMITED	Character:	SON HHAT
Draft:	FIRST DRAFT LUCASFILM LIMITED	Character:	SON HHAT (Cont.)
Draft:	FIRST DRAFT LUCASFILM LIMITED	Character:	OXUS
Draft:	FIRST DRAFT LUCASFILM LIMITED	Character:	OXUS (Cont.)
Draft:	FIRST DRAFT LUCASFILM LIMITED	Character:	ESPAA
Draft:	FIRST DRAFT LUCASFILM LIMITED	Character:	CONTROLLER
Draft:	FIRST DRAFT LUCASFILM LIMITED	Character:	OFFICER
Draft:	FIRST DRAFT LUCASFILM LIMITED	Character:	HORUS
Draft:	FIRST DRAFT LUCASFILM LIMITED	Character:	COLL
Draft:	FIRST DRAFT LUCASFILM LIMITED	Character:	VADER
Draft:	FIRST DRAFT LUCASFILM LIMITED	Character:	ZAVOS
Draft:	FIRST DRAFT LUCASFILM LIMITED	Character:	KAYOS
Draft:	FIRST DRAFT LUCASFILM LIMITED	Character:	SANDAGE
Draft:	FIRST DRAFT LUCASFILM LIMITED	Character:	SKYWALKER
Draft:	FIRST DRAFT LUCASFILM LIMITED	Character:	NASH
Draft:	FIRST DRAFT LUCASFILM LIMITED	Character:	TARKIN
Draft:	FIRST DRAFT LUCASFILM LIMITED	Character:	KAYOS (Cont.)
Draft:	FIRST DRAFT LUCASFILM LIMITED	Character:	PUCK
Draft:	FIRST DRAFT LUCASFILM LIMITED	Character:	OETA
Draft:	FIRST DRAFT LUCASFILM LIMITED	Character:	ZARA
Draft:	FIRST DRAFT LUCASFILM LIMITED	Character:	BREHA
Draft:	FIRST DRAFT LUCASFILM LIMITED	Character:	MONTROSS
Draft:	FIRST DRAFT LUCASFILM LIMITED	Character:	PRUE
Draft:	FIRST DRAFT LUCASFILM LIMITED	Character:	BUREAUCRATS
Draft:	FIRST DRAFT LUCASFILM LIMITED	Character:	SKYWALKER (to the aides)
Draft:	FIRST DRAFT LUCASFILM LIMITED	Character:	AKIRA (angrily)
Draft:	FIRST DRAFT LUCASFILM LIMITED	Character:	KAYOS (pointing to the suns)
Draft:	FIRST DRAFT LUCASFILM LIMITED	Character:	GENERAL
Draft:	FIRST DRAFT LUCASFILM LIMITED	Character:	PHONE VOICE
Draft:	FIRST DRAFT LUCASFILM LIMITED	Character:	DOCTOR
Draft:	FIRST DRAFT LUCASFILM LIMITED	Character:	OXUS (with difficulty)
Draft:	FIRST DRAFT LUCASFILM LIMITED	Character:	SKYWALKER (to Montross)
Draft:	FIRST DRAFT LUCASFILM LIMITED	Character:	PRINCESS
Draft:	FIRST DRAFT LUCASFILM LIMITED	Character:	CHIEF
Draft:	FIRST DRAFT LUCASFILM LIMITED	Character:	DEVIL SIX (intercom)
Draft:	FIRST DRAFT LUCASFILM LIMITED	Character:	PILOT LEADER
Draft:	FIRST DRAFT LUCASFILM LIMITED	Character:	SKYWALKER (monitor)
Draft:	FIRST DRAFT LUCASFILM LIMITED	Character:	DEVIL TWO
Draft:	FIRST DRAFT LUCASFILM LIMITED	Character:	PILOT LEADER (intercom)
Draft:	FIRST DRAFT LUCASFILM LIMITED	Character:	DEVIL SIX
Draft:	FIRST DRAFT LUCASFILM LIMITED	Character:	DEVIL FIVE
Draft:	FIRST DRAFT LUCASFILM LIMITED	Character:	DEVIL FOUR (intercom)
Draft:	FIRST DRAFT LUCASFILM LIMITED	Character:	DEVIL THREE
Draft:	FIRST DRAFT LUCASFILM LIMITED	Character:	FIRST OFFICER
Draft:	FIRST DRAFT LUCASFILM LIMITED	Character:	ATTACHE
Draft:	FIRST DRAFT LUCASFILM LIMITED	Character:	DEVIL FOUR
Draft:	FIRST DRAFT LUCASFILM LIMITED	Character:	TROOPER
Draft:	FIRST DRAFT LUCASFILM LIMITED	Character:	OFFICER (on monitor)
Draft:	FIRST DRAFT LUCASFILM LIMITED	Character:	AIDE
Draft:	FIRST DRAFT LUCASFILM LIMITED	Character:	SKYWALKER (with difficulty)
Draft:	FIRST DRAFT LUCASFILM LIMITED	Character:	PILOT LEADER'S NAVIGATOR
Draft:	FIRST DRAFT LUCASFILM LIMITED	Character:	COMMANDER
Draft:	FIRST DRAFT LUCASFILM LIMITED	Character:	PRINCESS (sarcastically)
Draft:	FIRST DRAFT LUCASFILM LIMITED	Character:	VALOR
Draft:	FIRST DRAFT LUCASFILM LIMITED	Character:	PRINCESS (angrily pointing at Valor)
Draft:	FIRST DRAFT LUCASFILM LIMITED	Character:	GUARD
Draft:	FIRST DRAFT LUCASFILM LIMITED	Character:	QUEEN
Draft:	FIRST DRAFT LUCASFILM LIMITED	Character:	BLOODORY
Draft:	FIRST DRAFT LUCASFILM LIMITED	Character:	PRINCESS (fuming)
Draft:	FIRST DRAFT LUCASFILM LIMITED	Character:	DODONA
Draft:	FIRST DRAFT LUCASFILM LIMITED	Character:	STORMTROOPER
Draft:	FIRST DRAFT LUCASFILM LIMITED	Character:	SERGEANT
Draft:	FIRST DRAFT LUCASFILM LIMITED	Character:	SERGEANT (to Oxus)
Draft:	FIRST DRAFT LUCASFILM LIMITED	Character:	JUSTIN (into intercom)
Draft:	FIRST DRAFT LUCASFILM LIMITED	Character:	SKYWALKER (to Justin)
Draft:	FIRST DRAFT LUCASFILM LIMITED	Character:	JUSTIN (to Skywalker)
Draft:	FIRST DRAFT LUCASFILM LIMITED	Character:	CREATURE
Draft:	FIRST DRAFT LUCASFILM LIMITED	Character:	HUMAN
Draft:	FIRST DRAFT LUCASFILM LIMITED	Character:	HAN
Draft:	FIRST DRAFT LUCASFILM LIMITED	Character:	SKYWALKER (to Oxus)
Draft:	FIRST DRAFT LUCASFILM LIMITED	Character:	DATOS
Draft:	FIRST DRAFT LUCASFILM LIMITED	Character:	OCCO
Draft:	FIRST DRAFT LUCASFILM LIMITED	Character:	QUIST
Draft:	FIRST DRAFT LUCASFILM LIMITED	Character:	AKIRA (Cont.)
Draft:	FIRST DRAFT LUCASFILM LIMITED	Character:	CAPTAIN
Draft:	FIRST DRAFT LUCASFILM LIMITED	Character:	INTERCOM
Draft:	FIRST DRAFT LUCASFILM LIMITED	Character:	PILOT (into intercom)
Draft:	FIRST DRAFT LUCASFILM LIMITED	Character:	STORMTROOPERS
Draft:	FIRST DRAFT LUCASFILM LIMITED	Character:	HAN (Cont.)
Draft:	FIRST DRAFT LUCASFILM LIMITED	Character:	SKYWALKER (over intercom)
Draft:	FIRST DRAFT LUCASFILM LIMITED	Character:	SKYWALKER (to C-3)
Draft:	FIRST DRAFT LUCASFILM LIMITED	Character:	OXUS (to A-2)
Draft:	FIRST DRAFT LUCASFILM LIMITED	Character:	SKYWALKER (into intercom)
Draft:	FIRST DRAFT LUCASFILM LIMITED	Character:	SKYWALKER (to Han)
Draft:	FIRST DRAFT LUCASFILM LIMITED	Character:	VOICE
Draft:	FIRST DRAFT LUCASFILM LIMITED	Character:	THO (Cont.)
Draft:	FIRST DRAFT LUCASFILM LIMITED	Character:	THO
Draft:	FIRST DRAFT LUCASFILM LIMITED	Character:	BERU
Draft:	FIRST DRAFT LUCASFILM LIMITED	Character:	THO (to general)
Draft:	FIRST DRAFT LUCASFILM LIMITED	Character:	THO (yelling down to them)
Draft:	FIRST DRAFT LUCASFILM LIMITED	Character:	HAN (to Valor)
Draft:	FIRST DRAFT LUCASFILM LIMITED	Character:	TANK PILOT
Draft:	FIRST DRAFT LUCASFILM LIMITED	Character:	JUSTIN (mocking)
Draft:	FIRST DRAFT LUCASFILM LIMITED	Character:	VADER (to officer)
Draft:	FIRST DRAFT LUCASFILM LIMITED	Character:	JUSTIN (to A-2)
Draft:	FIRST DRAFT LUCASFILM LIMITED	Character:	CAPTAIN OF THE GUARD
Draft:	FIRST DRAFT LUCASFILM LIMITED	Character:	VADER (to Dodona)
Draft:	FIRST DRAFT LUCASFILM LIMITED	Character:	MEDIC
Draft:	FIRST DRAFT LUCASFILM LIMITED	Character:	GOVERNOR
Draft:	Revised Fourth Draft	Character:	THREEPIO
Draft:	Revised Fourth Draft	Character:	LUKE
Draft:	Revised Fourth Draft	Character:	IMPERIAL OFFICER
Draft:	Revised Fourth Draft	Character:	VADER
Draft:	Revised Fourth Draft	Character:	REBEL OFFICER
Draft:	Revised Fourth Draft	Character:	TROOPER
Draft:	Revised Fourth Draft	Character:	CHIEF PILOT
Draft:	Revised Fourth Draft	Character:	CAPTAIN
Draft:	Revised Fourth Draft	Character:	WOMAN
Draft:	Revised Fourth Draft	Character:	FIXER
Draft:	Revised Fourth Draft	Character:	CAMIE
Draft:	Revised Fourth Draft	Character:	BIGGS
Draft:	Revised Fourth Draft	Character:	DEAK
Draft:	Revised Fourth Draft	Character:	LEIA
Draft:	Revised Fourth Draft	Character:	COMMANDER
Draft:	Revised Fourth Draft	Character:	SECOND OFFICER
Draft:	Revised Fourth Draft	Character:	FIRST TROOPER
Draft:	Revised Fourth Draft	Character:	SECOND TROOPER
Draft:	Revised Fourth Draft	Character:	BERU
Draft:	Revised Fourth Draft	Character:	OWEN
Draft:	Revised Fourth Draft	Character:	AUNT BERU
Draft:	Revised Fourth Draft	Character:	BEN
Draft:	Revised Fourth Draft	Character:	TAGGE
Draft:	Revised Fourth Draft	Character:	MOTTI
Draft:	Revised Fourth Draft	Character:	TARKIN
Draft:	Revised Fourth Draft	Character:	BARTENDER
Draft:	Revised Fourth Draft	Character:	CREATURE
Draft:	Revised Fourth Draft	Character:	HUMAN
Draft:	Revised Fourth Draft	Character:	HAN
Draft:	Revised Fourth Draft	Character:	GREEDO
Draft:	Revised Fourth Draft	Character:	JABBA
Draft:	Revised Fourth Draft	Character:	OFFICER CASS
Draft:	Revised Fourth Draft	Character:	VOICE OVER DEATH STAR INTERCOM
Draft:	Revised Fourth Draft	Character:	OFFICER
Draft:	Revised Fourth Draft	Character:	VOICE
Draft:	Revised Fourth Draft	Character:	HAN'S VOICE
Draft:	Revised Fourth Draft	Character:	GANTRY OFFICER
Draft:	Revised Fourth Draft	Character:	TX
Draft:	Revised Fourth Draft	Character:	INTERCOM VOICE
Draft:	Revised Fourth Draft	Character:	TROOPER VOICE
Draft:	Revised Fourth Draft	Character:	FIRST OFFICER
Draft:	Revised Fourth Draft	Character:	BEN'S VOICE
Draft:	Revised Fourth Draft	Character:	WILLARD
Draft:	Revised Fourth Draft	Character:	DEATH STAR INTERCOM VOICE
Draft:	Revised Fourth Draft	Character:	DODONNA
Draft:	Revised Fourth Draft	Character:	GOLD LEADER
Draft:	Revised Fourth Draft	Character:	WEDGE
Draft:	Revised Fourth Draft	Character:	MAN'S VOICE
Draft:	Revised Fourth Draft	Character:	RED LEADER
Draft:	Revised Fourth Draft	Character:	CHIEF
Draft:	Revised Fourth Draft	Character:	MASSASSI INTERCOM VOICE
Draft:	Revised Fourth Draft	Character:	RED TEN
Draft:	Revised Fourth Draft	Character:	RED SEVEN
Draft:	Revised Fourth Draft	Character:	PORKINS
Draft:	Revised Fourth Draft	Character:	RED NINE
Draft:	Revised Fourth Draft	Character:	RED ELEVEN
Draft:	Revised Fourth Draft	Character:	READ LEADER
Draft:	Revised Fourth Draft	Character:	ASTRO-OFFICER
Draft:	Revised Fourth Draft	Character:	CONTROL OFFICER
Draft:	Revised Fourth Draft	Character:	LUKE'S VOICE
Draft:	Revised Fourth Draft	Character:	GOLD FIVE
Draft:	Revised Fourth Draft	Character:	GOLD TWO
Draft:	Revised Fourth Draft	Character:	WINGMAN'S VOICE
Draft:	Revised Fourth Draft	Character:	RED LEADER'S VOICE
Draft:	Revised Fourth Draft	Character:	RED TEN'S VOICE
Draft:	Revised Fourth Draft	Character:	RED NINE'S VOICE
Draft:	Revised Fourth Draft	Character:	BASE VOICE
Draft:	Revised Fourth Draft	Character:	WINGMAN
Draft:	Revised Fourth Draft	Character:	TECHNICIAN